Mutation_Residue,Mutation_ResName,Mutation_Chain,Active_Site_Residue,Active_Site_ResName,Active_Site_Chain,Active_Site_Atom,Distance_to_Atom_Angstrom,CA_to_CA_Distance_Angstrom
3,ASN,X,49,SEC,X,CA,17.66,17.66
3,ASN,X,83,GLN,X,CA,22.38,22.38
3,ASN,X,198,UNK,Y,O2,13.53,13.53
24,LEU,X,49,SEC,X,CA,18.51,18.51
24,LEU,X,83,GLN,X,CA,16.79,16.79
24,LEU,X,198,UNK,Y,O2,22.39,22.39
47,ALA,X,49,SEC,X,CA,5.62,5.62
47,ALA,X,83,GLN,X,CA,6.39,6.39
47,ALA,X,198,UNK,Y,O2,10.47,10.47
48,TYR,X,49,SEC,X,CA,3.84,3.84
48,TYR,X,83,GLN,X,CA,4.74,4.74
48,TYR,X,198,UNK,Y,O2,8.69,8.69
49,SEC,X,49,SEC,X,CA,0.0,0.0
49,SEC,X,83,GLN,X,CA,5.97,5.97
49,SEC,X,198,UNK,Y,O2,5.02,5.02
52,ALA,X,49,SEC,X,CA,5.49,5.49
52,ALA,X,83,GLN,X,CA,10.38,10.38
52,ALA,X,198,UNK,Y,O2,8.06,8.06
54,GLN,X,49,SEC,X,CA,10.42,10.42
54,GLN,X,83,GLN,X,CA,15.34,15.34
54,GLN,X,198,UNK,Y,O2,11.31,11.31
60,ALA,X,49,SEC,X,CA,19.79,19.79
60,ALA,X,83,GLN,X,CA,23.86,23.86
60,ALA,X,198,UNK,Y,O2,20.67,20.67
74,ALA,X,49,SEC,X,CA,14.58,14.58
74,ALA,X,83,GLN,X,CA,15.46,15.46
74,ALA,X,198,UNK,Y,O2,16.55,16.55
87,THR,X,49,SEC,X,CA,16.84,16.84
87,THR,X,83,GLN,X,CA,12.43,12.43
87,THR,X,198,UNK,Y,O2,21.38,21.38
99,CYS,X,49,SEC,X,CA,9.72,9.72
99,CYS,X,83,GLN,X,CA,11.78,11.78
99,CYS,X,198,UNK,Y,O2,13.96,13.96
102,SER,X,49,SEC,X,CA,18.15,18.15
102,SER,X,83,GLN,X,CA,20.16,20.16
102,SER,X,198,UNK,Y,O2,21.93,21.93
104,PHE,X,49,SEC,X,CA,17.08,17.08
104,PHE,X,83,GLN,X,CA,18.93,18.93
104,PHE,X,198,UNK,Y,O2,20.83,20.83
173,HID,X,49,SEC,X,CA,19.61,19.61
173,HID,X,83,GLN,X,CA,22.58,22.58
173,HID,X,198,UNK,Y,O2,17.32,17.32
139,LEU,X,49,SEC,X,CA,16.54,16.54
139,LEU,X,83,GLN,X,CA,17.22,17.22
139,LEU,X,198,UNK,Y,O2,13.11,13.11
142,SER,X,49,SEC,X,CA,16.59,16.59
142,SER,X,83,GLN,X,CA,14.45,14.45
142,SER,X,198,UNK,Y,O2,15.27,15.27
143,SER,X,49,SEC,X,CA,15.12,15.12
143,SER,X,83,GLN,X,CA,12.78,12.78
143,SER,X,198,UNK,Y,O2,14.32,14.32
144,GLN,X,49,SEC,X,CA,11.47,11.47
144,GLN,X,83,GLN,X,CA,9.48,9.48
144,GLN,X,198,UNK,Y,O2,10.84,10.84
177,GLN,X,49,SEC,X,CA,11.46,11.46
177,GLN,X,83,GLN,X,CA,16.48,16.48
177,GLN,X,198,UNK,Y,O2,7.65,7.65
178,ALA,X,49,SEC,X,CA,14.21,14.21
178,ALA,X,83,GLN,X,CA,19.34,19.34
178,ALA,X,198,UNK,Y,O2,11.12,11.12
181,SER,X,49,SEC,X,CA,19.23,19.23
181,SER,X,83,GLN,X,CA,24.46,24.46
181,SER,X,198,UNK,Y,O2,17.78,17.78
