Level,Mutation,Mean_dG*,Mean_dG0
Level01,Y48F,17.25 ± 1.38 kcal/mol,-60.09 ± 2.00 kcal/mol
Level01,A52T,21.73 ± 1.99 kcal/mol,-55.61 ± 2.03 kcal/mol
Level01,A47S,17.55 ± 1.37 kcal/mol,-58.48 ± 2.71 kcal/mol
Level01,C99R,16.80 ± 0.78 kcal/mol,-61.57 ± 1.12 kcal/mol
Level01,Q54T,16.64 ± 1.28 kcal/mol,-58.79 ± 1.84 kcal/mol
Level01,Q177H,21.33 ± 2.17 kcal/mol,-55.99 ± 2.15 kcal/mol
Level01,Q144H,18.47 ± 1.20 kcal/mol,-56.95 ± 2.80 kcal/mol
Level01,A178T,18.18 ± 1.16 kcal/mol,-58.83 ± 1.68 kcal/mol
Level01,A74G,17.11 ± 0.86 kcal/mol,-61.25 ± 1.17 kcal/mol
Level01,S143E,20.72 ± 2.27 kcal/mol,-56.57 ± 2.20 kcal/mol
Level01,L139F,16.86 ± 0.75 kcal/mol,-60.03 ± 1.26 kcal/mol
Level01,S142P,18.72 ± 1.34 kcal/mol,-59.02 ± 1.95 kcal/mol
Level01,T87K,15.61 ± 0.69 kcal/mol,-60.85 ± 0.58 kcal/mol
Level01,F104Y,19.94 ± 3.88 kcal/mol,-56.06 ± 2.18 kcal/mol
Level01,N3K,16.51 ± 0.53 kcal/mol,-57.49 ± 1.15 kcal/mol
Level01,L24I,22.62 ± 2.19 kcal/mol,-52.62 ± 2.95 kcal/mol
Level01,S102G,16.56 ± 0.87 kcal/mol,-61.01 ± 1.12 kcal/mol
Level01,A60T,20.84 ± 1.45 kcal/mol,-56.66 ± 2.26 kcal/mol
Level01,S181R,16.19 ± 0.63 kcal/mol,-55.53 ± 2.34 kcal/mol
Level01,H173R,15.85 ± 0.71 kcal/mol,-61.97 ± 0.81 kcal/mol
Level03,Y48F,17.82 ± 1.04 kcal/mol,-58.59 ± 2.32 kcal/mol
Level03,A52T,15.33 ± 0.54 kcal/mol,-61.50 ± 0.76 kcal/mol
Level03,A47S,14.42 ± 0.69 kcal/mol,-61.97 ± 0.84 kcal/mol
Level03,Q54T,18.49 ± 1.91 kcal/mol,-57.30 ± 2.87 kcal/mol
Level03,Q177H,16.05 ± 0.89 kcal/mol,-58.75 ± 1.06 kcal/mol
Level03,Q144H,15.70 ± 0.55 kcal/mol,-56.57 ± 2.06 kcal/mol
Level03,A178T,19.46 ± 4.52 kcal/mol,-56.47 ± 2.42 kcal/mol
Level03,A74G,17.11 ± 0.86 kcal/mol,-61.25 ± 1.17 kcal/mol
Level03,S143E,16.57 ± 0.61 kcal/mol,-60.12 ± 0.67 kcal/mol
Level03,L139F,18.82 ± 1.86 kcal/mol,-57.84 ± 2.98 kcal/mol
Level03,S142P,15.41 ± 0.33 kcal/mol,-61.25 ± 0.57 kcal/mol
Level03,F104Y,14.92 ± 0.87 kcal/mol,-61.01 ± 0.92 kcal/mol
Level03,N3K,16.51 ± 0.53 kcal/mol,-57.49 ± 1.15 kcal/mol
Level03,L24I,14.51 ± 0.80 kcal/mol,-57.31 ± 2.93 kcal/mol
Level03,S102G,15.95 ± 1.34 kcal/mol,-58.74 ± 2.24 kcal/mol
Level03,A60T,18.84 ± 1.25 kcal/mol,-58.66 ± 2.26 kcal/mol
Level03,S181R,16.44 ± 2.15 kcal/mol,-58.87 ± 2.19 kcal/mol
Level03,H173R,15.85 ± 0.71 kcal/mol,-61.97 ± 0.81 kcal/mol
Level04,Y48F,22.78 ± 2.52 kcal/mol,-56.27 ± 2.84 kcal/mol
Level04,A52T,19.88 ± 2.54 kcal/mol,-56.57 ± 2.85 kcal/mol
Level04,Q54T,15.17 ± 0.67 kcal/mol,-61.99 ± 1.00 kcal/mol
Level04,Q177H,20.19 ± 1.12 kcal/mol,-56.82 ± 2.20 kcal/mol
Level04,Q144H,18.75 ± 1.86 kcal/mol,-56.64 ± 2.30 kcal/mol
Level04,A178T,21.03 ± 1.62 kcal/mol,-54.74 ± 2.19 kcal/mol
Level04,A74G,17.11 ± 0.86 kcal/mol,-61.25 ± 1.17 kcal/mol
Level04,S143E,14.53 ± 0.61 kcal/mol,-62.33 ± 0.87 kcal/mol
Level04,L139F,19.15 ± 1.17 kcal/mol,-55.14 ± 2.80 kcal/mol
Level04,S142P,15.72 ± 0.59 kcal/mol,-56.85 ± 2.17 kcal/mol
Level04,F104Y,20.33 ± 1.85 kcal/mol,-55.20 ± 2.59 kcal/mol
Level04,N3K,16.51 ± 0.53 kcal/mol,-59.49 ± 1.15 kcal/mol
Level04,L24I,23.61 ± 1.61 kcal/mol,-52.89 ± 2.72 kcal/mol
Level04,S102G,15.59 ± 0.50 kcal/mol,-61.98 ± 0.53 kcal/mol
Level04,A60T,23.09 ± 1.38 kcal/mol,-55.58 ± 2.23 kcal/mol
Level04,S181R,15.66 ± 0.58 kcal/mol,-61.54 ± 0.89 kcal/mol
Level04,H173R,17.85 ± 0.71 kcal/mol,-61.97 ± 0.90 kcal/mol
Level05,Y48F,18.72 ± 0.97 kcal/mol,-56.89 ± 1.34 kcal/mol
Level05,A52T,17.78 ± 0.70 kcal/mol,-59.08 ± 1.13 kcal/mol
Level05,Q54T,17.49 ± 0.82 kcal/mol,-59.29 ± 1.44 kcal/mol
Level05,Q177H,22.68 ± 1.27 kcal/mol,-56.45 ± 1.70 kcal/mol
Level05,Q144H,19.64 ± 1.46 kcal/mol,-55.44 ± 1.60 kcal/mol
Level05,A178T,19.21 ± 1.27 kcal/mol,-57.61 ± 1.63 kcal/mol
Level05,A74G,17.11 ± 0.86 kcal/mol,-61.25 ± 1.17 kcal/mol
Level05,L139F,18.37 ± 1.16 kcal/mol,-57.13 ± 1.91 kcal/mol
Level05,S142P,17.25 ± 1.09 kcal/mol,-53.82 ± 2.87 kcal/mol
Level05,F104Y,18.20 ± 1.33 kcal/mol,-57.92 ± 2.11 kcal/mol
Level05,N3K,16.38 ± 0.99 kcal/mol,-59.49 ± 1.15 kcal/mol
Level05,L24I,18.36 ± 1.54 kcal/mol,-54.78 ± 2.09 kcal/mol
Level05,S102G,18.03 ± 1.17 kcal/mol,-59.67 ± 1.42 kcal/mol
Level05,A60T,16.14 ± 0.63 kcal/mol,-62.27 ± 0.56 kcal/mol
Level05,S181R,17.28 ± 1.15 kcal/mol,-59.66 ± 1.32 kcal/mol
Level05,H173R,18.14 ± 0.84 kcal/mol,-59.83 ± 1.34 kcal/mol
Level05,Y48F,16.08 ± 1.07 kcal/mol,-60.99 ± 1.48 kcal/mol
Level05,A52T,17.70 ± 1.23 kcal/mol,-58.26 ± 1.65 kcal/mol
Level05,Q54T,15.94 ± 0.62 kcal/mol,-60.28 ± 0.89 kcal/mol
Level05,Q177H,16.66 ± 0.65 kcal/mol,-59.92 ± 0.77 kcal/mol
Level05,A178T,17.32 ± 0.99 kcal/mol,-60.24 ± 1.21 kcal/mol
Level05,A74G,17.11 ± 0.86 kcal/mol,-61.25 ± 1.17 kcal/mol
Level05,L139F,17.43 ± 1.03 kcal/mol,-58.53 ± 1.74 kcal/mol
Level05,S142P,16.61 ± 0.49 kcal/mol,-60.17 ± 0.65 kcal/mol
Level05,F104Y,15.43 ± 0.62 kcal/mol,-58.86 ± 2.19 kcal/mol
Level05,N3K,16.38 ± 0.99 kcal/mol,-59.49 ± 1.15 kcal/mol
Level05,L24I,16.43 ± 0.55 kcal/mol,-61.45 ± 0.89 kcal/mol
Level05,S102G,17.77 ± 0.48 kcal/mol,-59.67 ± 0.48 kcal/mol
Level05,S181R,15.85 ± 0.86 kcal/mol,-61.46 ± 0.77 kcal/mol
Level05,H173R,16.36 ± 0.78 kcal/mol,-60.41 ± 0.81 kcal/mol
