Mutation,Mean_dG_star,Mean_dG0,dG_star_raw,dG0_raw,Level,sec49_distance,ca_distance
A178T,18.18,-58.83,18.18 ± 1.16,-58.83 ± 1.68,level0,15.0,12.97
A47S,17.55,-58.48,17.55 ± 1.37,-58.48 ± 2.71,level0,9.5,10.99
A52T,21.73,-55.61,21.73 ± 3.99,-55.61 ± 4.03,level0,5.59,6.24
A60T,17.12,-62.66,17.12 ± nan,-62.66 ± nan,level0,19.64,22.97
C99R,16.8,-61.57,16.80 ± 0.78,-61.57 ± 1.12,level0,14.0,15.71
F104Y,19.94,-56.06,19.94 ± 3.88,-56.06 ± 4.18,level0,19.05,22.8
H173R,17.11,-61.25,17.11 ± 0.86,-61.25 ± 1.17,level0,20.0,21.53
L139F,16.86,-60.03,16.86 ± 0.75,-60.03 ± 1.26,level0,16.77,19.14
L24I,22.62,-52.62,22.62 ± 4.19,-52.62 ± 4.95,level0,19.64,22.97
N3K,16.06,-56.75,16.06 ± 0.67,-56.75 ± 5.23,level0,20.0,23.95
Q144H,18.47,-56.95,18.47 ± 1.20,-56.95 ± 2.80,level0,14.29,21.53
Q177H,21.33,-55.99,21.33 ± 4.17,-55.99 ± 4.15,level0,14.77,18.99
Q54T,16.64,-58.79,16.64 ± 1.28,-58.79 ± 1.84,level0,12.5,9.46
S102G,16.56,-61.01,16.56 ± 0.87,-61.01 ± 1.12,level0,20.0,21.53
S142P,18.72,-59.02,18.72 ± 1.34,-59.02 ± 1.95,level0,16.5,18.27
S143E,20.72,-56.57,20.72 ± 4.27,-56.57 ± 4.20,level0,16.44,12.51
S181R,16.19,-55.53,16.19 ± 0.63,-55.53 ± 4.34,level0,20.0,21.53
T87K,15.61,-60.85,15.61 ± 0.69,-60.85 ± 0.58,level0,16.1,16.37
Y48F,17.9,-50.21,44.90 ± 31.88,-50.21 ± 32.51,level0,5.2,9.62
A178T,17.07,-60.16,17.07 ± 0.78,-60.16 ± 1.01,level1,15.0,12.97
A47S,16.18,-59.93,16.18 ± 0.94,-59.93 ± 1.42,level1,9.5,10.99
A52T,16.0,-59.57,16.00 ± 1.12,-59.57 ± 1.46,level1,5.59,6.24
A60T,19.57,-52.38,19.57 ± 3.96,-52.38 ± 5.56,level1,19.64,22.97
C99R,15.55,-61.4,15.55 ± 0.79,-61.40 ± 0.94,level1,14.0,15.71
F104Y,15.95,-59.67,15.95 ± 1.09,-59.67 ± 1.65,level1,19.05,22.8
H173R,14.16,-61.81,14.16 ± 1.40,-61.81 ± 1.02,level1,20.0,21.53
L139F,16.13,-60.84,16.13 ± 1.17,-60.84 ± 1.76,level1,16.77,19.14
L24I,16.04,-60.1,16.04 ± 0.90,-60.10 ± 0.94,level1,19.64,22.97
N3K,20.24,-55.64,20.24 ± 4.00,-55.64 ± 4.03,level1,20.0,23.95
Q144H,,,nan ± nan,nan ± nan,level1,14.29,21.53
Q177H,,,nan ± nan,nan ± nan,level1,14.77,18.99
Q54T,,,nan ± nan,nan ± nan,level1,12.5,9.46
S102G,,,nan ± nan,nan ± nan,level1,20.0,21.53
S107N,,,nan ± nan,nan ± nan,level1,,
S142P,22.72,-53.93,22.72 ± 4.63,-53.93 ± 4.93,level1,16.5,18.27
S143E,21.59,-48.29,21.59 ± 2.49,-48.29 ± 6.84,level1,16.44,12.51
S181R,,,nan ± nan,nan ± nan,level1,20.0,21.53
T87K,,,nan ± nan,nan ± nan,level1,16.1,16.37
Y48F,17.1,-58.78,17.10 ± 0.91,-58.78 ± 0.86,level1,5.2,9.62
A178T,19.46,-56.47,19.46 ± 4.52,-56.47 ± 4.42,level2,15.0,12.97
A47S,14.42,-61.97,14.42 ± 0.69,-61.97 ± 0.84,level2,9.5,10.99
A52T,15.33,-61.5,15.33 ± 0.54,-61.50 ± 0.76,level2,5.59,6.24
A60T,,,nan ± nan,nan ± nan,level2,19.64,22.97
C99R,,,nan ± nan,nan ± nan,level2,14.0,15.71
F104Y,14.92,-61.01,14.92 ± 0.87,-61.01 ± 0.92,level2,19.05,22.8
H173R,18.93,-56.83,18.93 ± 4.23,-56.83 ± 4.20,level2,20.0,21.53
L139F,18.82,-57.84,18.82 ± 3.86,-57.84 ± 3.98,level2,16.77,19.14
L24I,14.51,-57.31,14.51 ± 0.80,-57.31 ± 3.93,level2,19.64,22.97
N3K,14.87,-61.84,14.87 ± 0.95,-61.84 ± 0.98,level2,20.0,23.95
Q144H,15.7,-56.57,15.70 ± 0.55,-56.57 ± 4.06,level2,14.29,21.53
Q177H,16.05,-58.75,16.05 ± 0.89,-58.75 ± 1.06,level2,14.77,18.99
Q54T,18.49,-57.3,18.49 ± 3.91,-57.30 ± 3.87,level2,12.5,9.46
S102G,15.95,-58.74,15.95 ± 1.34,-58.74 ± 3.24,level2,20.0,21.53
S107N,,,nan ± nan,nan ± nan,level2,,
S142P,15.41,-61.25,15.41 ± 0.33,-61.25 ± 0.57,level2,16.5,18.27
S143E,16.57,-60.12,16.57 ± 0.61,-60.12 ± 0.67,level2,16.44,12.51
S181R,15.7,-59.72,15.70 ± 0.97,-59.72 ± 1.33,level2,20.0,21.53
T87K,,,nan ± nan,nan ± nan,level2,16.1,16.37
Y48F,17.82,-58.59,17.82 ± 4.04,-58.59 ± 4.32,level2,5.2,9.62
A178T,21.03,-54.74,21.03 ± 4.62,-54.74 ± 5.19,level3,15.0,12.97
A47S,,,nan ± nan,nan ± nan,level3,9.5,10.99
A52T,19.88,-56.57,19.88 ± 4.54,-56.57 ± 4.85,level3,5.59,6.24
A60T,27.09,-49.58,27.09 ± 6.38,-49.58 ± 6.23,level3,19.64,22.97
C99R,,,nan ± nan,nan ± nan,level3,14.0,15.71
F104Y,20.33,-49.2,20.33 ± 3.85,-49.20 ± 5.59,level3,19.05,22.8
H173R,20.92,-53.8,20.92 ± 3.73,-53.80 ± 4.22,level3,20.0,21.53
L139F,19.15,-54.14,19.15 ± 4.17,-54.14 ± 5.80,level3,16.77,19.14
L24I,23.61,-52.89,23.61 ± 5.61,-52.89 ± 5.72,level3,19.64,22.97
N3K,15.0,-60.96,15.00 ± 1.04,-60.96 ± 1.44,level3,20.0,23.95
Q144H,18.75,-54.64,18.75 ± 3.86,-54.64 ± 5.30,level3,14.29,21.53
Q177H,20.19,-56.82,20.19 ± 4.12,-56.82 ± 4.20,level3,14.77,18.99
Q54T,15.17,-61.99,15.17 ± 0.67,-61.99 ± 1.00,level3,12.5,9.46
S102G,15.59,-61.98,15.59 ± 0.50,-61.98 ± 0.53,level3,20.0,21.53
S107N,,,nan ± nan,nan ± nan,level3,,
S142P,15.72,-56.85,15.72 ± 0.59,-56.85 ± 4.17,level3,16.5,18.27
S143E,14.53,-62.33,14.53 ± 0.61,-62.33 ± 0.87,level3,16.44,12.51
S181R,15.66,-61.54,15.66 ± 0.58,-61.54 ± 0.89,level3,20.0,21.53
T87K,,,nan ± nan,nan ± nan,level3,16.1,16.37
Y48F,22.78,-54.27,22.78 ± 5.52,-54.27 ± 5.84,level3,5.2,9.62
A178T,19.21,-57.61,19.21 ± 1.27,-57.61 ± 1.63,level4,15.0,12.97
A47S,,,nan ± nan,nan ± nan,level4,9.5,10.99
A52T,17.78,-59.08,17.78 ± 0.70,-59.08 ± 1.13,level4,5.59,6.24
A60T,16.14,-62.27,16.14 ± 0.63,-62.27 ± 0.56,level4,19.64,22.97
C99R,,,nan ± nan,nan ± nan,level4,14.0,15.71
F104Y,23.06,-53.47,23.06 ± 5.01,-53.47 ± 5.29,level4,19.05,22.8
H173R,22.56,-53.59,22.56 ± 4.35,-53.59 ± 5.04,level4,20.0,21.53
L139F,18.37,-57.13,18.37 ± 1.16,-57.13 ± 1.91,level4,16.77,19.14
L24I,18.36,-54.78,18.36 ± 1.54,-54.78 ± 4.09,level4,19.64,22.97
N3K,17.13,-59.0,17.13 ± 0.83,-59.00 ± 1.25,level4,20.0,23.95
Q144H,19.64,-55.44,19.64 ± 1.46,-55.44 ± 3.60,level4,14.29,21.53
Q177H,22.8,-52.79,38.80 ± 13.89,-52.79 ± 12.97,level4,14.77,18.99
Q54T,17.49,-59.29,17.49 ± 0.82,-59.29 ± 1.44,level4,12.5,9.46
S102G,18.03,-59.67,18.03 ± 1.17,-59.67 ± 1.42,level4,20.0,21.53
S107N,,,nan ± nan,nan ± nan,level4,,
S142P,17.25,-53.82,17.25 ± 1.09,-53.82 ± 4.87,level4,16.5,18.27
S143E,,,nan ± nan,nan ± nan,level4,16.44,12.51
S181R,17.28,-59.66,17.28 ± 1.15,-59.66 ± 1.32,level4,20.0,21.53
T87K,,,nan ± nan,nan ± nan,level4,16.1,16.37
Y48F,18.72,-56.89,18.72 ± 0.97,-56.89 ± 1.34,level4,5.2,9.62
A178T,17.32,-60.24,17.32 ± 0.99,-60.24 ± 1.21,level5,15.0,12.97
A47S,,,nan ± nan,nan ± nan,level5,9.5,10.99
A52T,17.7,-58.26,17.70 ± 1.23,-58.26 ± 1.65,level5,5.59,6.24
A60T,,,nan ± nan,nan ± nan,level5,19.64,22.97
C99R,,,nan ± nan,nan ± nan,level5,14.0,15.71
F104Y,15.43,-57.86,15.43 ± 0.62,-57.86 ± 4.19,level5,19.05,22.8
H173R,16.5,-56.09,16.50 ± 0.74,-56.09 ± 4.38,level5,20.0,21.53
L139F,17.43,-58.53,17.43 ± 1.03,-58.53 ± 1.74,level5,16.77,19.14
L24I,16.43,-61.45,16.43 ± 0.55,-61.45 ± 0.89,level5,19.64,22.97
N3K,17.58,-58.79,17.58 ± 1.59,-58.79 ± 2.24,level5,20.0,23.95
Q144H,20.98,-56.4,20.98 ± 3.93,-56.40 ± 4.13,level5,14.29,21.53
Q177H,16.66,-59.92,16.66 ± 0.65,-59.92 ± 0.77,level5,14.77,18.99
Q54T,15.94,-60.28,15.94 ± 0.62,-60.28 ± 0.89,level5,12.5,9.46
S102G,17.77,-59.67,17.77 ± 0.48,-59.67 ± 0.48,level5,20.0,21.53
S107N,,,nan ± nan,nan ± nan,level5,,
S142P,16.61,-60.17,16.61 ± 0.49,-60.17 ± 0.65,level5,16.5,18.27
S143E,,,nan ± nan,nan ± nan,level5,16.44,12.51
S181R,15.85,-61.46,15.85 ± 0.86,-61.46 ± 0.77,level5,20.0,21.53
T87K,,,nan ± nan,nan ± nan,level5,16.1,16.37
Y48F,23.8,-53.35,23.80 ± 5.36,-53.35 ± 5.37,level5,5.2,9.62
A178T,15.51,-60.81,15.51 ± 0.47,-60.81 ± 0.51,level6,15.0,12.97
A47S,,,nan ± nan,nan ± nan,level6,9.5,10.99
A52T,18.57,-57.02,18.57 ± 4.47,-57.02 ± 4.44,level6,5.59,6.24
A60T,,,nan ± nan,nan ± nan,level6,19.64,22.97
C99R,,,nan ± nan,nan ± nan,level6,14.0,15.71
F104Y,,,nan ± nan,nan ± nan,level6,19.05,22.8
H173R,15.42,-60.57,15.42 ± 0.62,-60.57 ± 0.65,level6,20.0,21.53
L139F,18.3,-53.41,18.30 ± 4.18,-53.41 ± 5.65,level6,16.77,19.14
L24I,14.3,-61.55,14.30 ± 0.47,-61.55 ± 0.41,level6,19.64,22.97
N3K,19.06,-56.89,19.06 ± 4.03,-56.89 ± 4.11,level6,20.0,23.95
Q144H,18.81,-55.99,18.81 ± 4.33,-55.99 ± 4.08,level6,14.29,21.53
Q177H,16.98,-58.22,16.98 ± 1.07,-58.22 ± 2.36,level6,14.77,18.99
Q54T,22.51,-54.37,22.51 ± 5.28,-54.37 ± 5.40,level6,12.5,9.46
S102G,14.75,-62.22,14.75 ± 0.64,-62.22 ± 0.99,level6,20.0,21.53
S107N,,,nan ± nan,nan ± nan,level6,,
S142P,14.27,-61.35,14.27 ± 0.56,-61.35 ± 0.80,level6,16.5,18.27
S143E,,,nan ± nan,nan ± nan,level6,16.44,12.51
S181R,22.94,-53.22,22.94 ± 5.64,-53.22 ± 5.60,level6,20.0,21.53
T87K,,,nan ± nan,nan ± nan,level6,16.1,16.37
Y48F,19.03,-57.43,19.03 ± 4.63,-57.43 ± 4.92,level6,5.2,9.62
A178T,19.18,-56.19,19.18 ± 3.95,-56.19 ± 4.09,level7,15.0,12.97
A47S,,,nan ± nan,nan ± nan,level7,9.5,10.99
A52T,14.82,-61.63,14.82 ± 0.61,-61.63 ± 1.06,level7,5.59,6.24
A60T,,,nan ± nan,nan ± nan,level7,19.64,22.97
C99R,,,nan ± nan,nan ± nan,level7,14.0,15.71
F104Y,,,nan ± nan,nan ± nan,level7,19.05,22.8
H173R,14.7,-61.22,14.70 ± 0.81,-61.22 ± 1.06,level7,20.0,21.53
L139F,14.07,-63.47,14.07 ± 0.60,-63.47 ± 0.82,level7,16.77,19.14
L24I,19.0,-57.16,19.00 ± 4.29,-57.16 ± 4.13,level7,19.64,22.97
N3K,18.65,-57.32,18.65 ± 4.15,-57.32 ± 4.45,level7,20.0,23.95
Q144H,19.87,-56.48,19.87 ± 4.12,-56.48 ± 4.08,level7,14.29,21.53
Q177H,23.76,-53.02,23.76 ± 5.74,-53.02 ± 5.60,level7,14.77,18.99
Q54T,23.97,-53.03,23.97 ± 6.44,-53.03 ± 6.63,level7,12.5,9.46
S102G,14.63,-60.62,14.63 ± 0.66,-60.62 ± 0.87,level7,20.0,21.53
S107N,,,nan ± nan,nan ± nan,level7,,
S142P,,,nan ± nan,nan ± nan,level7,16.5,18.27
S143E,,,nan ± nan,nan ± nan,level7,16.44,12.51
S181R,19.94,-57.0,19.94 ± 5.19,-57.00 ± 4.83,level7,20.0,21.53
T87K,,,nan ± nan,nan ± nan,level7,16.1,16.37
Y48F,15.06,-60.82,15.06 ± 0.68,-60.82 ± 0.96,level7,5.2,9.62
A178T,13.97,-61.65,13.97 ± 0.55,-61.65 ± 0.76,level8,15.0,12.97
A47S,,,nan ± nan,nan ± nan,level8,9.5,10.99
A52T,15.6,-60.7,15.60 ± 0.85,-60.70 ± 1.04,level8,5.59,6.24
A60T,,,nan ± nan,nan ± nan,level8,19.64,22.97
C99R,,,nan ± nan,nan ± nan,level8,14.0,15.71
F104Y,,,nan ± nan,nan ± nan,level8,19.05,22.8
H173R,14.62,-62.14,14.62 ± 1.04,-62.14 ± 1.14,level8,20.0,21.53
L139F,,,nan ± nan,nan ± nan,level8,16.77,19.14
L24I,18.63,-57.06,18.63 ± 4.04,-57.06 ± 4.16,level8,19.64,22.97
N3K,19.49,-57.86,19.49 ± 4.65,-57.86 ± 4.57,level8,20.0,23.95
Q144H,19.57,-56.89,19.57 ± 4.65,-56.89 ± 4.82,level8,14.29,21.53
Q177H,26.75,-49.69,26.75 ± 6.70,-49.69 ± 6.64,level8,14.77,18.99
Q54T,15.24,-60.84,15.24 ± 0.90,-60.84 ± 1.00,level8,12.5,9.46
S102G,18.21,-57.82,18.21 ± 4.48,-57.82 ± 4.24,level8,20.0,21.53
S107N,,,nan ± nan,nan ± nan,level8,,
S142P,,,nan ± nan,nan ± nan,level8,16.5,18.27
S143E,,,nan ± nan,nan ± nan,level8,16.44,12.51
S181R,13.14,-63.37,13.14 ± 0.37,-63.37 ± 0.60,level8,20.0,21.53
T87K,,,nan ± nan,nan ± nan,level8,16.1,16.37
Y48F,14.62,-61.64,14.62 ± 0.49,-61.64 ± 0.52,level8,5.2,9.62
A178T,14.16,-63.02,14.16 ± 0.91,-63.02 ± 1.15,level9,15.0,12.97
A47S,,,nan ± nan,nan ± nan,level9,9.5,10.99
A52T,13.16,-60.28,13.16 ± 0.37,-60.28 ± 4.35,level9,5.59,6.24
A60T,,,nan ± nan,nan ± nan,level9,19.64,22.97
C99R,,,nan ± nan,nan ± nan,level9,14.0,15.71
F104Y,,,nan ± nan,nan ± nan,level9,19.05,22.8
H173R,13.72,-62.49,13.72 ± 0.55,-62.49 ± 0.82,level9,20.0,21.53
L139F,,,nan ± nan,nan ± nan,level9,16.77,19.14
L24I,13.68,-63.07,13.68 ± 0.46,-63.07 ± 0.45,level9,19.64,22.97
N3K,12.75,-64.46,12.75 ± 0.41,-64.46 ± 0.66,level9,20.0,23.95
Q144H,18.32,-59.41,18.32 ± 4.25,-59.41 ± 4.33,level9,14.29,21.53
Q177H,23.19,-53.85,23.19 ± 6.57,-53.85 ± 6.71,level9,14.77,18.99
Q54T,14.44,-62.53,14.44 ± 0.90,-62.53 ± 1.00,level9,12.5,9.46
S102G,24.48,-52.29,24.48 ± 6.53,-52.29 ± 6.56,level9,20.0,21.53
S107N,,,nan ± nan,nan ± nan,level9,,
S142P,,,nan ± nan,nan ± nan,level9,16.5,18.27
S143E,,,nan ± nan,nan ± nan,level9,16.44,12.51
S181R,,,nan ± nan,nan ± nan,level9,20.0,21.53
T87K,,,nan ± nan,nan ± nan,level9,16.1,16.37
Y48F,14.33,-63.47,14.33 ± 0.50,-63.47 ± 0.95,level9,5.2,9.62
A178T,14.01,-62.52,14.01 ± 0.42,-62.52 ± 0.59,level10,15.0,12.97
A47S,,,nan ± nan,nan ± nan,level10,9.5,10.99
A52T,,,nan ± nan,nan ± nan,level10,5.59,6.24
A60T,,,nan ± nan,nan ± nan,level10,19.64,22.97
C99R,,,nan ± nan,nan ± nan,level10,14.0,15.71
F104Y,,,nan ± nan,nan ± nan,level10,19.05,22.8
H173R,17.92,-57.8,17.92 ± 3.90,-57.80 ± 3.94,level10,20.0,21.53
L139F,,,nan ± nan,nan ± nan,level10,16.77,19.14
L24I,13.71,-59.1,13.71 ± 0.83,-59.10 ± 4.28,level10,19.64,22.97
N3K,14.45,-62.47,14.45 ± 0.58,-62.47 ± 0.74,level10,20.0,23.95
Q144H,13.62,-62.36,13.62 ± 0.60,-62.36 ± 1.01,level10,14.29,21.53
Q177H,13.9,-63.56,13.90 ± 0.54,-63.56 ± 0.91,level10,14.77,18.99
Q54T,14.35,-58.68,14.35 ± 0.76,-58.68 ± 4.02,level10,12.5,9.46
S102G,13.68,-59.1,13.68 ± 0.71,-59.10 ± 4.30,level10,20.0,21.53
S107N,,,nan ± nan,nan ± nan,level10,,
S142P,,,nan ± nan,nan ± nan,level10,16.5,18.27
S143E,,,nan ± nan,nan ± nan,level10,16.44,12.51
S181R,,,nan ± nan,nan ± nan,level10,20.0,21.53
T87K,,,nan ± nan,nan ± nan,level10,16.1,16.37
Y48F,12.92,-64.51,12.92 ± 0.61,-64.51 ± 1.51,level10,5.2,9.62
A178T,17.37,-59.85,17.37 ± 4.17,-59.85 ± 4.08,level11,15.0,12.97
A47S,,,nan ± nan,nan ± nan,level11,9.5,10.99
A52T,,,nan ± nan,nan ± nan,level11,5.59,6.24
A60T,,,nan ± nan,nan ± nan,level11,19.64,22.97
C99R,,,nan ± nan,nan ± nan,level11,14.0,15.71
F104Y,,,nan ± nan,nan ± nan,level11,19.05,22.8
H173R,14.67,-61.69,14.67 ± 0.96,-61.69 ± 1.23,level11,20.0,21.53
L139F,,,nan ± nan,nan ± nan,level11,16.77,19.14
L24I,21.97,-54.97,21.97 ± 5.37,-54.97 ± 5.42,level11,19.64,22.97
N3K,13.58,-64.04,13.58 ± 0.47,-64.04 ± 1.12,level11,20.0,23.95
Q144H,14.28,-59.1,14.28 ± 0.71,-59.10 ± 4.07,level11,14.29,21.53
Q177H,21.51,-54.98,21.51 ± 5.34,-54.98 ± 5.41,level11,14.77,18.99
Q54T,25.88,-55.47,28.88 ± 7.45,-55.47 ± 7.82,level11,12.5,9.46
S102G,14.65,-61.64,14.65 ± 0.94,-61.64 ± 1.44,level11,20.0,21.53
S107N,,,nan ± nan,nan ± nan,level11,,
S142P,,,nan ± nan,nan ± nan,level11,16.5,18.27
S143E,,,nan ± nan,nan ± nan,level11,16.44,12.51
S181R,,,nan ± nan,nan ± nan,level11,20.0,21.53
T87K,,,nan ± nan,nan ± nan,level11,16.1,16.37
Y48F,,,nan ± nan,nan ± nan,level11,5.2,9.62
A178T,13.17,-63.54,13.17 ± 0.66,-63.54 ± 1.37,level12,15.0,12.97
Q177H,17.21,-59.6,17.21 ± 5.33,-59.60 ± 5.44,level12,14.77,18.99
S102G,20.53,-56.26,20.53 ± 5.83,-56.26 ± 5.93,level12,20.0,21.53
L24I,16.54,-59.79,16.54 ± 4.63,-59.79 ± 4.84,level12,19.64,22.97
Q54T,12.13,-64.83,12.13 ± 0.48,-64.83 ± 0.60,level12,12.5,9.46
A178T,14.78,-61.48,14.78 ± 1.05,-61.48 ± 1.44,level13,15.0,12.97
A74G,15.09,-55.94,15.09 ± 1.20,-55.94 ± 4.54,level13,,
H173R,13.68,-62.48,13.68 ± 0.59,-62.48 ± 0.85,level13,20.0,21.53
L24I,14.42,-62.55,14.42 ± 0.51,-62.55 ± 0.72,level13,19.64,22.97
N3K,14.46,-63.55,14.46 ± 0.61,-63.55 ± 0.85,level13,20.0,23.95
Q177H,13.07,-64.83,13.07 ± 0.42,-64.83 ± 0.66,level13,14.77,18.99
S102G,13.25,-64.98,13.25 ± 0.50,-64.98 ± 1.05,level13,20.0,21.53
A178T,17.83,-59.56,17.83 ± 4.16,-59.56 ± 4.33,level14,15.0,12.97
A74G,14.0,-63.65,14.00 ± 0.54,-63.65 ± 0.88,level14,,
H173R,14.46,-62.13,14.46 ± 0.39,-62.13 ± 0.98,level14,20.0,21.53
L24I,22.2,-54.92,22.20 ± 5.76,-54.92 ± 5.81,level14,19.64,22.97
N3K,18.26,-54.2,18.26 ± 5.03,-54.20 ± 6.72,level14,20.0,23.95
S102G,13.8,-63.93,13.80 ± 0.46,-63.93 ± 0.57,level14,20.0,21.53
A178T,19.69,-57.15,19.69 ± 4.54,-57.15 ± 4.19,level15,15.0,12.97
A74G,15.8,-61.87,15.80 ± 0.82,-61.87 ± 0.78,level15,,
H173R,14.82,-62.42,14.82 ± 1.06,-62.42 ± 0.87,level15,20.0,21.53
L24I,13.93,-62.94,13.93 ± 0.73,-62.94 ± 1.00,level15,19.64,22.97
N3K,14.41,-64.15,14.41 ± 0.55,-64.15 ± 0.91,level15,20.0,23.95
A178T,14.12,-63.54,14.12 ± 0.46,-63.54 ± 0.76,level16,15.0,12.97
A74G,13.38,-60.17,13.38 ± 0.58,-60.17 ± 4.78,level16,,
H173R,13.58,-63.9,13.58 ± 0.46,-63.90 ± 0.72,level16,20.0,21.53
N3K,12.92,-65.73,12.92 ± 0.55,-65.73 ± 0.83,level16,20.0,23.95
A178T,21.35,-55.56,21.35 ± 5.48,-55.56 ± 5.49,level17,15.0,12.97
A74G,13.67,-63.35,13.67 ± 0.78,-63.35 ± 1.12,level17,,
H173R,12.86,-64.08,12.86 ± 0.91,-64.08 ± 1.21,level17,20.0,21.53
A178T,14.12,-62.7,14.12 ± 0.63,-62.70 ± 0.66,level18,15.0,12.97
A74G,15.13,-62.38,15.13 ± 0.89,-62.38 ± 0.92,level18,,
A74G,14.05,-62.83,14.05 ± 0.69,-62.83 ± 1.08,level19,,
