mutation,dg_star,dg_star_error,dg0,dg0_error,Level,sec49_distance,ca_distance
C49U,14.84,0.52,-62.6,0.59,"Level0

{""mutation"": ""mousecys"", ""dg_star"": 17.68, ""dg_star_error"": 0.91, ""dg0"": -56.96, ""dg0_error"": 1.03},",,
F48Y,17.38,2.54,-55.26,1.54,"Level0

{""mutation"": ""mousecys"", ""dg_star"": 17.68, ""dg_star_error"": 0.91, ""dg0"": -56.96, ""dg0_error"": 1.03},",3.88,4.6
T52A,16.16,0.89,-61.77,1.79,"Level0

{""mutation"": ""mousecys"", ""dg_star"": 17.68, ""dg_star_error"": 0.91, ""dg0"": -56.96, ""dg0_error"": 1.03},",5.2,9.62
S47A,21.57,2.46,-56.18,3.49,"Level0

{""mutation"": ""mousecys"", ""dg_star"": 17.68, ""dg_star_error"": 0.91, ""dg0"": -56.96, ""dg0_error"": 1.03},",5.59,6.24
R99C,24.29,2.79,-55.41,3.13,"Level0

{""mutation"": ""mousecys"", ""dg_star"": 17.68, ""dg_star_error"": 0.91, ""dg0"": -56.96, ""dg0_error"": 1.03},",9.5,10.99
T54Q,14.62,0.68,-55.68,3.78,"Level0

{""mutation"": ""mousecys"", ""dg_star"": 17.68, ""dg_star_error"": 0.91, ""dg0"": -56.96, ""dg0_error"": 1.03},",10.0,14.5
H177Q,18.66,2.09,-55.4,3.89,"Level0

{""mutation"": ""mousecys"", ""dg_star"": 17.68, ""dg_star_error"": 0.91, ""dg0"": -56.96, ""dg0_error"": 1.03},",14.0,15.71
H144Q,17.66,2.18,-53.4,3.89,"Level0

{""mutation"": ""mousecys"", ""dg_star"": 17.68, ""dg_star_error"": 0.91, ""dg0"": -56.96, ""dg0_error"": 1.03},",12.5,9.46
T178A,14.77,0.51,-61.57,0.57,"Level0

{""mutation"": ""mousecys"", ""dg_star"": 17.68, ""dg_star_error"": 0.91, ""dg0"": -56.96, ""dg0_error"": 1.03},",14.77,18.99
G74A,15.06,0.9,-60.08,2.5,"Level0

{""mutation"": ""mousecys"", ""dg_star"": 17.68, ""dg_star_error"": 0.91, ""dg0"": -56.96, ""dg0_error"": 1.03},",14.29,15.75
E143S,19.04,1.4,-57.1,1.56,"Level0

{""mutation"": ""mousecys"", ""dg_star"": 17.68, ""dg_star_error"": 0.91, ""dg0"": -56.96, ""dg0_error"": 1.03},",15.0,12.97
F139L,15.72,0.48,-54.0,1.27,"Level0

{""mutation"": ""mousecys"", ""dg_star"": 17.68, ""dg_star_error"": 0.91, ""dg0"": -56.96, ""dg0_error"": 1.03},",16.1,16.37
K87T,18.21,2.52,-53.05,3.25,"Level0

{""mutation"": ""mousecys"", ""dg_star"": 17.68, ""dg_star_error"": 0.91, ""dg0"": -56.96, ""dg0_error"": 1.03},",16.44,12.51
P142S,16.3,0.87,-59.56,1.1,"Level0

{""mutation"": ""mousecys"", ""dg_star"": 17.68, ""dg_star_error"": 0.91, ""dg0"": -56.96, ""dg0_error"": 1.03},",15.5,14.77
G102S,15.83,1.3,-59.61,1.52,"Level0

{""mutation"": ""mousecys"", ""dg_star"": 17.68, ""dg_star_error"": 0.91, ""dg0"": -56.96, ""dg0_error"": 1.03},",16.77,19.14
Y104F,16.94,1.28,-58.41,1.58,"Level0

{""mutation"": ""mousecys"", ""dg_star"": 17.68, ""dg_star_error"": 0.91, ""dg0"": -56.96, ""dg0_error"": 1.03},",16.5,18.27
L24I,15.68,0.94,-60.3,1.09,"Level0

{""mutation"": ""mousecys"", ""dg_star"": 17.68, ""dg_star_error"": 0.91, ""dg0"": -56.96, ""dg0_error"": 1.03},",,
T60A,18.09,1.04,-58.09,2.08,"Level0

{""mutation"": ""mousecys"", ""dg_star"": 17.68, ""dg_star_error"": 0.91, ""dg0"": -56.96, ""dg0_error"": 1.03},",19.05,22.8
R181S,16.38,0.97,-60.55,1.26,"Level0

{""mutation"": ""mousecys"", ""dg_star"": 17.68, ""dg_star_error"": 0.91, ""dg0"": -56.96, ""dg0_error"": 1.03},",20.0,23.95
S4R,17.37,2.94,-56.97,3.69,"Level0

{""mutation"": ""mousecys"", ""dg_star"": 17.68, ""dg_star_error"": 0.91, ""dg0"": -56.96, ""dg0_error"": 1.03},",19.64,22.97
mousecys,17.68,0.91,-56.96,1.03,"Level0

{""mutation"": ""mousecys"", ""dg_star"": 17.68, ""dg_star_error"": 0.91, ""dg0"": -56.96, ""dg0_error"": 1.03},",,
C49U,14.84,0.52,-62.6,0.59,"Level0

{""mutation"": ""mousecys"", ""dg_star"": 17.68, ""dg_star_error"": 0.91, ""dg0"": -56.96, ""dg0_error"": 1.03},",,
F48Y,17.16,1.01,-58.24,0.96,"Level0

{""mutation"": ""mousecys"", ""dg_star"": 17.68, ""dg_star_error"": 0.91, ""dg0"": -56.96, ""dg0_error"": 1.03},",3.88,4.6
T52A,17.83,1.37,-57.6,1.69,"Level0

{""mutation"": ""mousecys"", ""dg_star"": 17.68, ""dg_star_error"": 0.91, ""dg0"": -56.96, ""dg0_error"": 1.03},",5.2,9.62
S47A,19.07,1.2,-56.18,2.49,"Level0

{""mutation"": ""mousecys"", ""dg_star"": 17.68, ""dg_star_error"": 0.91, ""dg0"": -56.96, ""dg0_error"": 1.03},",5.59,6.24
R99C,17.29,2.79,-59.41,3.13,"Level0

{""mutation"": ""mousecys"", ""dg_star"": 17.68, ""dg_star_error"": 0.91, ""dg0"": -56.96, ""dg0_error"": 1.03},",9.5,10.99
H177Q,16.09,1.39,-60.31,2.04,"Level0

{""mutation"": ""mousecys"", ""dg_star"": 17.68, ""dg_star_error"": 0.91, ""dg0"": -56.96, ""dg0_error"": 1.03},",14.0,15.71
H144Q,16.6,1.48,-59.1,2.02,"Level0

{""mutation"": ""mousecys"", ""dg_star"": 17.68, ""dg_star_error"": 0.91, ""dg0"": -56.96, ""dg0_error"": 1.03},",12.5,9.46
T178A,15.41,0.95,-60.28,1.01,"Level0

{""mutation"": ""mousecys"", ""dg_star"": 17.68, ""dg_star_error"": 0.91, ""dg0"": -56.96, ""dg0_error"": 1.03},",14.77,18.99
G74A,17.88,1.52,-57.7,2.0,"Level0

{""mutation"": ""mousecys"", ""dg_star"": 17.68, ""dg_star_error"": 0.91, ""dg0"": -56.96, ""dg0_error"": 1.03},",14.29,15.75
E143S,17.52,1.36,-55.99,2.94,"Level0

{""mutation"": ""mousecys"", ""dg_star"": 17.68, ""dg_star_error"": 0.91, ""dg0"": -56.96, ""dg0_error"": 1.03},",15.0,12.97
F139L,17.01,1.28,-58.28,1.29,"Level0

{""mutation"": ""mousecys"", ""dg_star"": 17.68, ""dg_star_error"": 0.91, ""dg0"": -56.96, ""dg0_error"": 1.03},",16.1,16.37
K87T,20.21,0.52,-55.05,3.25,"Level0

{""mutation"": ""mousecys"", ""dg_star"": 17.68, ""dg_star_error"": 0.91, ""dg0"": -56.96, ""dg0_error"": 1.03},",16.44,12.51
P142S,18.3,1.83,-59.56,1.1,"Level0

{""mutation"": ""mousecys"", ""dg_star"": 17.68, ""dg_star_error"": 0.91, ""dg0"": -56.96, ""dg0_error"": 1.03},",15.5,14.77
G102S,18.72,1.43,-57.37,1.99,"Level0

{""mutation"": ""mousecys"", ""dg_star"": 17.68, ""dg_star_error"": 0.91, ""dg0"": -56.96, ""dg0_error"": 1.03},",16.77,19.14
Y104F,15.75,2.32,-59.93,3.28,"Level0

{""mutation"": ""mousecys"", ""dg_star"": 17.68, ""dg_star_error"": 0.91, ""dg0"": -56.96, ""dg0_error"": 1.03},",16.5,18.27
L24I,17.88,1.52,-57.7,2.0,"Level0

{""mutation"": ""mousecys"", ""dg_star"": 17.68, ""dg_star_error"": 0.91, ""dg0"": -56.96, ""dg0_error"": 1.03},",,
T60A,19.22,1.23,-55.88,1.48,"Level0

{""mutation"": ""mousecys"", ""dg_star"": 17.68, ""dg_star_error"": 0.91, ""dg0"": -56.96, ""dg0_error"": 1.03},",19.05,22.8
R181S,19.38,0.97,-62.55,1.26,"Level0

{""mutation"": ""mousecys"", ""dg_star"": 17.68, ""dg_star_error"": 0.91, ""dg0"": -56.96, ""dg0_error"": 1.03},",20.0,23.95
S4R,15.73,0.64,-55.48,3.92,"Level0

{""mutation"": ""mousecys"", ""dg_star"": 17.68, ""dg_star_error"": 0.91, ""dg0"": -56.96, ""dg0_error"": 1.03},",19.64,22.97
N107S,21.25,2.12,-58.09,3.3,"Level0

{""mutation"": ""mousecys"", ""dg_star"": 17.68, ""dg_star_error"": 0.91, ""dg0"": -56.96, ""dg0_error"": 1.03},",20.0,21.53
C49U,14.84,1.02,-61.5,0.75,Level2,,
F48Y,19.51,2.46,-57.96,2.57,Level2,3.88,4.6
T52A,22.54,2.29,-55.78,2.29,Level2,5.2,9.62
S47A,16.47,0.67,-61.31,0.68,Level2,5.59,6.24
R99C,14.48,0.45,-61.5,0.69,Level2,9.5,10.99
H177Q,15.53,0.65,-61.08,0.75,Level2,14.0,15.71
H144Q,23.14,2.11,-52.96,2.03,Level2,12.5,9.46
T178A,14.8,0.54,-62.54,0.67,Level2,14.77,18.99
G74A,18.73,1.89,-58.21,2.28,Level2,14.29,15.75
E143S,15.54,0.83,-61.72,1.08,Level2,15.0,12.97
F139L,19.13,2.19,-57.4,2.16,Level2,16.1,16.37
K87T,15.19,0.48,-62.04,0.79,Level2,16.44,12.51
P142S,23.4,2.34,-54.47,2.36,Level2,15.5,14.77
G102S,15.74,0.56,-62.64,0.63,Level2,16.77,19.14
Y104F,14.94,0.68,-63.49,0.84,Level2,16.5,18.27
L24I,13.99,1.03,-62.1,1.04,Level2,,
T60A,15.22,0.62,-61.19,0.95,Level2,19.05,22.8
R181S,15.35,0.75,-61.19,0.74,Level2,20.0,23.95
S4R,27.91,1.91,-55.34,2.95,Level2,19.64,22.97
N107S,14.57,0.65,-62.62,0.99,Level2,20.0,21.53
C49U,14.84,1.02,-61.5,0.75,Level3,,
F48Y,15.65,0.87,-60.3,1.09,Level3,3.88,4.6
T52A,20.54,2.29,-58.78,2.29,Level3,5.2,9.62
S47A,17.75,1.05,-57.61,1.08,Level3,5.59,6.24
R99C,14.78,0.8,-61.2,0.6,Level3,9.5,10.99
H177Q,14.73,0.47,-63.48,0.89,Level3,14.0,15.71
H144Q,15.63,0.72,-62.39,0.97,Level3,12.5,9.46
T178A,16.67,1.08,-59.26,1.32,Level3,14.77,18.99
G74A,19.7,1.89,-57.21,2.28,Level3,14.29,15.75
E143S,16.54,0.89,-63.72,1.08,Level3,15.0,12.97
F139L,14.69,0.49,-61.98,0.85,Level3,16.1,16.37
K87T,18.29,0.78,-63.04,0.79,Level3,16.44,12.51
P142S,15.39,0.78,-61.25,1.32,Level3,15.5,14.77
G102S,17.44,0.96,-60.64,0.63,Level3,16.77,19.14
Y104F,17.94,1.08,-61.49,0.84,Level3,16.5,18.27
T60A,16.05,0.73,-59.86,0.63,Level3,19.05,22.8
R181S,17.35,0.78,-58.19,0.74,Level3,20.0,23.95
S4R,17.2,0.76,-59.44,1.01,Level3,19.64,22.97
N107S,15.43,0.57,-61.88,0.69,Level3,20.0,21.53
C49U,14.84,1.02,-61.5,0.75,Level4,,
F48Y,14.5,0.86,-62.85,0.79,Level4,3.88,4.6
T52A,14.83,1.0,-61.57,1.36,Level4,5.2,9.62
S47A,14.35,0.55,-62.66,0.76,Level4,5.59,6.24
R99C,18.48,1.79,-58.51,2.98,Level4,9.5,10.99
H177Q,15.05,0.94,-61.8,1.19,Level4,14.0,15.71
H144Q,15.28,0.7,-62.13,0.87,Level4,12.5,9.46
T178A,23.52,1.56,-53.57,2.68,Level4,14.77,18.99
G74A,16.93,0.68,-60.28,0.93,Level4,14.29,15.75
E143S,14.75,0.47,-57.69,2.8,Level4,15.0,12.97
K87T,15.59,0.76,-61.23,1.06,Level4,16.44,12.51
P142S,23.08,2.56,-53.3,2.65,Level4,15.5,14.77
G102S,15.09,0.56,-58.0,2.26,Level4,16.77,19.14
Y104F,16.16,0.96,-61.13,0.97,Level4,16.5,18.27
T60A,19.61,2.21,-57.27,2.49,Level4,19.05,22.8
R181S,16.87,0.8,-59.32,0.88,Level4,20.0,23.95
S4R,16.36,0.95,-61.21,1.08,Level4,19.64,22.97
N107S,19.79,3.84,-57.58,3.95,Level4,20.0,21.53
C49U,14.84,1.02,-61.5,0.75,Level5,,
F48Y,15.16,0.66,-57.61,2.52,Level5,3.88,4.6
T52A,16.04,1.02,-60.97,1.35,Level5,5.2,9.62
R99C,19.13,2.06,-57.6,2.3,Level5,9.5,10.99
H177Q,15.23,0.47,-58.75,3.95,Level5,14.0,15.71
H144Q,14.64,0.53,-62.96,0.86,Level5,12.5,9.46
T178A,15.21,0.6,-61.51,0.76,Level5,14.77,18.99
G74A,17.02,0.96,-56.24,2.69,Level5,14.29,15.75
E143S,16.06,1.27,-61.12,1.63,Level5,15.0,12.97
K87T,15.98,0.9,-61.48,1.02,Level5,16.44,12.51
P142S,18.98,1.93,-53.2,2.38,Level5,15.5,14.77
G102S,14.64,0.47,-61.97,0.73,Level5,16.77,19.14
Y104F,19.56,4.47,-57.44,2.17,Level5,16.5,18.27
T60A,14.37,0.75,-59.12,2.31,Level5,19.05,22.8
R181S,14.49,0.43,-63.53,0.7,Level5,20.0,23.95
S4R,15.85,0.8,-60.66,0.74,Level5,19.64,22.97
N107S,18.58,2.45,-59.24,2.61,Level5,20.0,21.53
C49U,14.84,1.02,-61.5,0.75,Level6,,
F48Y,14.44,0.64,-62.46,0.44,Level6,3.88,4.6
T52A,15.05,1.13,-60.46,1.28,Level6,5.2,9.62
R99C,14.27,0.96,-61.91,1.1,Level6,9.5,10.99
H177Q,15.52,1.01,-56.96,2.0,Level6,14.0,15.71
H144Q,13.46,0.88,-63.09,0.97,Level6,12.5,9.46
T178A,14.65,0.89,-61.32,1.29,Level6,14.77,18.99
G74A,12.98,0.59,-62.57,0.81,Level6,14.29,15.75
E143S,19.17,1.06,-55.9,3.64,Level6,15.0,12.97
K87T,18.43,1.47,-55.73,3.18,Level6,16.44,12.51
P142S,18.37,1.3,-58.76,2.26,Level6,15.5,14.77
G102S,17.74,1.49,-59.5,2.71,Level6,16.77,19.14
Y104F,19.56,1.47,-57.44,2.17,Level6,16.5,18.27
R181S,13.81,0.79,-62.22,0.82,Level6,20.0,23.95
S4R,15.5,0.99,-60.91,1.24,Level6,19.64,22.97
N107S,13.08,0.41,-63.27,0.63,Level6,20.0,21.53
F48Y,18.54,4.66,-57.58,4.89,Level7,3.88,4.6
T52A,19.5,4.97,-57.1,4.83,Level7,5.2,9.62
R99C,15.62,1.23,-60.51,1.7,Level7,9.5,10.99
H177Q,15.87,0.81,-60.52,1.06,Level7,14.0,15.71
H144Q,13.57,0.38,-63.12,0.8,Level7,12.5,9.46
T178A,15.72,0.86,-59.72,1.06,Level7,14.77,18.99
E143S,14.48,0.98,-59.66,2.27,Level7,15.0,12.97
K87T,14.15,0.57,-61.77,0.85,Level7,16.44,12.51
P142S,19.51,4.14,-56.96,4.21,Level7,15.5,14.77
G102S,22.55,5.69,-53.81,5.66,Level7,16.77,19.14
Y104F,13.91,0.47,-61.89,0.54,Level7,16.5,18.27
R181S,16.53,0.87,-59.6,1.05,Level7,20.0,23.95
S4R,17.26,1.13,-58.1,1.28,Level7,19.64,22.97
N107S,14.1,0.97,-62.96,0.93,Level7,20.0,21.53
F48Y,17.74,4.06,-57.87,4.07,Level8,3.88,4.6
T52A,17.66,4.19,-57.72,4.21,Level8,5.2,9.62
R99C,13.84,0.59,-58.57,4.06,Level8,9.5,10.99
H177Q,14.15,0.83,-62.47,1.07,Level8,14.0,15.71
T178A,16.29,1.34,-58.79,1.85,Level8,14.77,18.99
E143S,14.1,0.87,-62.15,1.06,Level8,15.0,12.97
K87T,18.05,4.0,-57.92,4.03,Level8,16.44,12.51
P142S,14.29,0.83,-57.72,3.93,Level8,15.5,14.77
G102S,14.53,0.98,-61.53,1.13,Level8,16.77,19.14
Y104F,15.15,1.1,-60.97,1.37,Level8,16.5,18.27
R181S,14.31,1.02,-61.74,1.23,Level8,20.0,23.95
S4R,14.65,0.96,-60.72,0.98,Level8,19.64,22.97
N107S,16.89,3.96,-58.96,3.98,Level8,20.0,21.53
F48Y,18.69,3.89,-55.17,4.14,Level9,3.88,4.6
T52A,18.24,4.19,-57.2,4.45,Level9,5.2,9.62
H177Q,13.69,0.72,-61.78,1.1,Level9,14.0,15.71
T178A,14.91,0.86,-60.32,1.06,Level9,14.77,18.99
E143S,19.02,4.36,-55.55,4.59,Level9,15.0,12.97
K87T,19.02,3.98,-57.14,3.96,Level9,16.44,12.51
P142S,19.01,4.0,-55.3,4.44,Level9,15.5,14.77
G102S,15.65,0.82,-60.02,1.09,Level9,16.77,19.14
Y104F,27.54,6.83,-48.08,7.05,Level9,16.5,18.27
R181S,14.23,0.94,-61.18,1.39,Level9,20.0,23.95
S4R,16.75,0.89,-59.05,1.4,Level9,19.64,22.97
N107S,14.23,0.6,-61.05,0.81,Level9,20.0,21.53
F48Y,17.95,0.99,-56.72,1.12,Level10,3.88,4.6
T52A,13.9,0.91,-61.64,1.05,Level10,5.2,9.62
T178A,13.45,0.63,-56.9,5.21,Level10,14.77,18.99
E143S,14.87,1.13,-56.0,3.88,Level10,15.0,12.97
K87T,17.45,4.11,-57.61,4.21,Level10,16.44,12.51
P142S,14.06,0.78,-60.44,0.98,Level10,15.5,14.77
G102S,17.89,4.9,-56.95,5.27,Level10,16.77,19.14
Y104F,16.59,0.74,-58.62,0.95,Level10,16.5,18.27
R181S,16.48,1.04,-58.9,1.39,Level10,20.0,23.95
S4R,18.35,1.45,-49.33,5.5,Level10,19.64,22.97
N107S,21.86,3.91,-52.1,3.95,Level10,20.0,21.53
F48Y,20.24,4.05,-49.84,5.74,Level11,3.88,4.6
T52A,16.46,1.25,-58.75,1.6,Level11,5.2,9.62
E143S,18.37,4.26,-57.51,4.56,Level11,15.0,12.97
K87T,15.31,1.02,-59.16,1.26,Level11,16.44,12.51
P142S,14.51,1.06,-59.81,1.18,Level11,15.5,14.77
G102S,14.48,1.11,-59.92,1.01,Level11,16.77,19.14
Y104F,14.37,0.98,-60.35,1.06,Level11,16.5,18.27
R181S,16.4,1.32,-55.57,4.09,Level11,20.0,23.95
S4R,15.37,1.08,-58.04,3.15,Level11,19.64,22.97
N107S,17.27,1.36,-57.49,1.94,Level11,20.0,21.53
F48Y,15.68,1.05,-59.98,0.9,Level12,3.88,4.6
T52A,14.66,0.91,-56.21,4.79,Level12,5.2,9.62
E143S,15.34,1.38,-59.39,1.83,Level12,15.0,12.97
K87T,15.92,1.22,-59.38,1.82,Level12,16.44,12.51
P142S,18.73,4.21,-56.64,4.14,Level12,15.5,14.77
G102S,14.68,0.95,-60.26,1.23,Level12,16.77,19.14
R181S,14.09,0.6,-62.22,0.78,Level12,20.0,23.95
S4R,13.9,0.48,-62.19,0.59,Level12,19.64,22.97
N107S,14.97,0.87,-60.76,1.28,Level12,20.0,21.53
E143S,15.67,0.98,-60.23,1.0,Level19,15.0,12.97
E143S,14.05,0.76,-62.07,1.12,Level20,15.0,12.97
